Bin Id	Marker lineage	# genomes	# markers	# marker sets	Completeness	Contamination	Strain heterogeneity	Genome size (bp)	# ambiguous bases	# scaffolds	# contigs	N50 (scaffolds)	N50 (contigs)	Mean scaffold length (bp)	Mean contig length (bp)	Longest scaffold (bp)	Longest contig (bp)	GC	GC std (scaffolds > 1kbp)	Coding density	Translation table	# predicted genes	0	1	2	3	4	5+
AA010_contigs	f__Moraxellaceae (UID4680)	86	689	365	100	0.41	0	4025199	0	128	128	448156	448156	31446	31446	1479942	1479942	38.7	3.19	88.03	11	3799	0	687	2	0	0	0
AS011_contigs	f__Enterobacteriaceae (UID5124)	134	1173	336	99.69	0.44	0	4737009	0	56	56	2641988	2641988	84589	84589	2641988	2641988	56.9	2.59	89.5	11	4339	2	1167	4	0	0	0
AS013_contigs	f__Moraxellaceae (UID4680)	86	689	365	99.73	0.68	0	3579498	0	54	54	244439	244439	66287	66287	466536	466536	40.1	3	86.88	11	3387	1	685	3	0	0	0
AS031_contigs	f__Enterobacteriaceae (UID5054)	223	876	305	99.28	0.33	0	3968840	0	55	55	470326	470326	72160	72160	1650167	1650167	56.4	5.07	87.7	11	3646	3	872	1	0	0	0
AS083_contigs	f__Enterobacteriaceae (UID5066)	55	546	224	99.8	0	0	4975917	0	40	40	2506594	2506594	124397	124397	2506594	2506594	59.8	4.13	87.78	11	4593	7	539	0	0	0	0
AS085_contigs	f__Enterobacteriaceae (UID5054)	223	875	305	100	0.58	0	4866969	0	89	89	424945	424945	54685	54685	1268095	1268095	55.2	1.53	86.55	11	4504	0	870	5	0	0	0
AS091_contigs	f__Enterobacteriaceae (UID5124)	134	1173	336	99.77	0.1	0	4831822	0	50	50	556362	556362	96636	96636	1324318	1324318	55.4	1.24	89.84	11	4499	4	1167	2	0	0	0
AS093_contigs	f__Enterobacteriaceae (UID5066)	55	546	224	99.81	0	0	5084370	0	37	37	530606	530606	137415	137415	1375489	1375489	59.8	2.47	87.78	11	4720	6	540	0	0	0	0
AS096_contigs	f__Moraxellaceae (UID4680)	86	689	365	99.96	0	0	3508081	0	59	59	212075	212075	59459	59459	674056	674056	38.3	5.12	88.12	11	3321	1	688	0	0	0	0
AS113_contigs	f__Enterobacteriaceae (UID5054)	223	875	304	99.99	0.94	0	4990055	0	88	88	242912	242912	56705	56705	454838	454838	54.6	5.45	88.25	11	4700	1	865	9	0	0	0
AS116_contigs	f__Moraxellaceae (UID4680)	86	689	365	100	0	0	3323739	0	189	189	325545	325545	17585	17585	653824	653824	38.5	3.97	88.72	11	3262	0	689	0	0	0	0
AS124_contigs	f__Enterobacteriaceae (UID5124)	134	1173	336	99.07	0.04	100	4737567	0	76	76	354441	354441	62336	62336	728456	728456	56	1.35	89.62	11	4416	4	1168	1	0	0	0
AS126_contigs	f__Enterobacteriaceae (UID5054)	223	876	305	99.28	0.33	0	3844711	0	79	79	407278	407278	48667	48667	1774414	1774414	56	1.91	87.54	11	3557	3	872	1	0	0	0
AS129_contigs	f__Enterobacteriaceae (UID5054)	223	875	305	100	0.19	0	4887144	0	70	70	649680	649680	69816	69816	2129047	2129047	55.1	1.42	86.5	11	4494	0	873	2	0	0	0
AS139_contigs	f__Enterobacteriaceae (UID5054)	223	875	305	100	0.44	0	4828431	0	89	89	432218	432218	54252	54252	1049147	1049147	55	1.19	86.66	11	4436	0	871	4	0	0	0
AS142_contigs	f__Enterobacteriaceae (UID5054)	223	875	305	100	0.3	0	4699479	0	62	62	303619	303619	75798	75798	1009145	1009145	54.3	2.39	85.65	11	4387	0	872	3	0	0	0
AS167_contigs	f__Moraxellaceae (UID4680)	86	689	365	99.93	1.23	0	4370714	0	95	95	371111	371111	46007	46007	699781	699781	37.7	4.83	84.13	11	4058	1	682	6	0	0	0
AS170_contigs	f__Enterobacteriaceae (UID5066)	55	546	224	99.86	0.22	0	5301274	0	40	40	603023	603023	132531	132531	1097923	1097923	59.1	3.35	87.9	11	4933	5	540	1	0	0	0
AS183_contigs	f__Enterobacteriaceae (UID5124)	134	1173	336	99.67	0.2	0	4658682	0	44	44	2532842	2532842	105879	105879	2532842	2532842	54.8	2.09	88.85	11	4374	5	1165	3	0	0	0
AS209_contigs	f__Enterobacteriaceae (UID5121)	138	1162	336	99.99	1.05	0	5219086	0	127	127	203830	203830	41095	41095	492818	492818	55.7	5.77	87.42	11	4870	1	1152	9	0	0	0
AS212_contigs	f__Enterobacteriaceae (UID5124)	134	1173	336	99.92	0.07	0	4548882	0	61	61	499122	499122	74571	74571	1542639	1542639	55.4	1.89	89.53	11	4207	2	1169	2	0	0	0
AS214_contigs	f__Enterobacteriaceae (UID5066)	55	546	224	99.81	0	0	5029827	0	41	41	2777308	2777308	122678	122678	2777308	2777308	59.8	3.76	87.73	11	4664	6	540	0	0	0	0
AS216_contigs	f__Enterobacteriaceae (UID5121)	138	1162	336	98.32	0.57	0	4305480	0	89	89	747282	747282	48376	48376	1120944	1120944	56.5	2.65	89.25	11	4021	13	1144	5	0	0	0
AS218_contigs	c__Bacilli (UID285)	586	324	180	99.44	1.39	0	2809345	0	59	59	330405	330405	47616	47616	1347996	1347996	32.6	5.35	84.1	11	2638	1	320	3	0	0	0
AS222_contigs	f__Enterobacteriaceae (UID5066)	55	546	224	99.81	0	0	5207442	0	53	53	1225085	1225085	98253	98253	1712926	1712926	59.9	3.81	87.75	11	4800	6	540	0	0	0	0
AS224_contigs	c__Bacilli (UID285)	586	325	181	99.45	2.39	0	2709902	0	29	29	574332	574332	93444	93444	936615	936615	32.5	7.93	88.9	11	2682	1	320	3	1	0	0
AS230_contigs	f__Enterobacteriaceae (UID5121)	138	1158	336	100	0.39	0	5216318	0	71	71	712980	712980	73469	73469	1193496	1193496	54.9	1.42	88.71	11	4883	0	1155	3	0	0	0
AS231_contigs	f__Enterobacteriaceae (UID5139)	119	1169	340	99.9	0.07	0	4685577	0	110	110	201213	201213	42596	42596	465200	465200	52.2	2.64	87.3	11	4418	1	1166	2	0	0	0
AS234_contigs	c__Gammaproteobacteria (UID4442)	899	312	185	100	0	0	3974261	0	56	56	247386	247386	70968	70968	1304351	1304351	37.9	5.15	85.65	11	3628	0	312	0	0	0	0
AS235_contigs	f__Enterobacteriaceae (UID5124)	134	1173	336	99.97	0.33	0	4989989	0	176	176	150445	150445	28352	28352	393031	393031	50.6	4.57	87.56	11	4759	1	1170	2	0	0	0
CR11_contigs	g__Staphylococcus (UID298)	56	805	176	99.38	0.65	0	2219645	0	49	49	800477	800477	45298	45298	989688	989688	31.4	7.36	86.16	11	2158	5	798	2	0	0	0
CR21_contigs	k__Bacteria (UID203)	5449	104	58	4.64	0	0	407740	0	393	393	1045	1045	1037	1037	7638	7638	66.4	3.52	84.73	11	662	98	6	0	0	0	0
CR41_contigs	g__Staphylococcus (UID294)	60	773	178	99.11	0.37	0	2578191	0	149	149	96436	96436	17303	17303	340121	340121	32	4.16	83.27	11	2505	3	768	2	0	0	0
CR42_contigs	g__Staphylococcus (UID294)	60	773	178	99.11	0.37	0	2579930	0	216	216	61727	61727	11944	11944	197956	197956	32	3.49	83.35	11	2541	3	768	2	0	0	0
HN003_contigs	f__Enterobacteriaceae (UID5054)	223	875	305	100	0.68	0	5071515	0	75	75	348912	348912	67620	67620	538138	538138	54.9	2.53	86.03	11	4728	0	870	5	0	0	0
HN007_contigs	f__Enterobacteriaceae (UID5124)	134	1173	336	99.07	0.04	100	4772970	0	82	82	281973	281973	58206	58206	763055	763055	56	1.58	89.64	11	4466	4	1168	1	0	0	0
HN010_contigs	o__Rhodospirillales (UID3754)	63	336	201	100	0	0	3453119	0	60	60	485741	485741	57551	57551	798533	798533	59.2	3.87	89.09	11	3130	0	336	0	0	0	0
HN019_contigs	f__Enterobacteriaceae (UID5054)	223	875	305	100	0.49	0	4739213	0	64	64	567183	567183	74050	74050	2243839	2243839	54.3	1.31	86.45	11	4407	0	869	6	0	0	0
HN020_contigs	f__Moraxellaceae (UID4680)	86	689	365	100	0.34	50	3589279	0	41	41	346892	346892	87543	87543	818565	818565	41.5	3.28	86.66	11	3412	0	687	2	0	0	0
HN022_contigs	f__Enterobacteriaceae (UID5054)	223	875	305	100	0.36	0	4939142	0	73	73	539596	539596	67659	67659	1575888	1575888	55.1	2.55	86.39	11	4555	0	872	3	0	0	0
HN028_contigs	f__Enterobacteriaceae (UID5124)	134	1173	336	99.67	0.08	0	4577781	0	47	47	380321	380321	97399	97399	946278	946278	52.9	5.11	88.32	11	4298	2	1168	3	0	0	0
HN034_contigs	f__Moraxellaceae (UID4680)	86	689	365	100	1.28	14.29	3810513	0	115	115	962337	962337	33134	33134	1124328	1124328	38.9	3.87	88.11	11	3617	0	682	7	0	0	0
HN037_contigs	f__Enterobacteriaceae (UID5124)	134	1173	336	99.6	0.46	0	4741188	0	74	74	696606	696606	64070	64070	1676212	1676212	55.8	2.52	88.34	11	4354	2	1166	5	0	0	0
HN039_contigs	f__Enterobacteriaceae (UID5066)	55	546	224	99.81	0	0	4980970	0	29	29	3038306	3038306	171757	171757	3038306	3038306	59.8	4.71	87.72	11	4600	6	540	0	0	0	0
HN041_contigs	f__Moraxellaceae (UID4680)	86	689	365	100	0.82	16.67	4010548	0	128	128	1159589	1159589	31332	31332	1365909	1365909	38.7	4.49	88.18	11	3805	0	683	6	0	0	0
HN047_contigs	f__Moraxellaceae (UID4680)	86	689	365	99.69	0.66	0	3797551	0	81	81	358797	358797	46883	46883	453183	453183	38.3	4.78	88.31	11	3701	2	683	4	0	0	0
HN049_contigs	f__Enterobacteriaceae (UID5124)	134	1173	336	99.07	0.04	100	4771698	0	74	74	292745	292745	64482	64482	728456	728456	56	1.41	89.64	11	4465	4	1168	1	0	0	0
HN059_contigs	f__Moraxellaceae (UID4680)	86	689	365	100	0.5	33.33	3907018	0	131	131	496586	496586	29824	29824	1089556	1089556	38.9	4.67	88.15	11	3751	0	686	3	0	0	0
HN065_contigs	f__Enterobacteriaceae (UID5124)	134	1173	336	99.07	0.04	100	4773022	0	83	83	281973	281973	57506	57506	728456	728456	56	1.88	89.63	11	4467	4	1168	1	0	0	0
HN067_contigs	f__Moraxellaceae (UID4680)	86	689	365	100	0.41	0	4083460	0	180	180	183035	183035	22685	22685	487419	487419	38.8	2.28	87.63	11	3947	0	687	2	0	0	0
HN068_contigs	f__Moraxellaceae (UID4680)	86	689	365	99.96	0.55	0	3905531	0	78	78	373175	373175	50070	50070	721982	721982	38.3	3.76	88.08	11	3849	1	686	2	0	0	0
HN069_contigs	f__Enterobacteriaceae (UID5124)	134	1173	336	99.97	0.53	0	4855634	0	101	101	319311	319311	48075	48075	586187	586187	55.8	5.34	89.16	11	4553	1	1168	4	0	0	0
HN071_contigs	f__Moraxellaceae (UID4680)	86	689	365	100	0.41	0	4085414	0	190	190	183035	183035	21502	21502	487210	487210	38.8	2.35	87.61	11	3953	0	687	2	0	0	0
HN073_contigs	f__Enterobacteriaceae (UID5124)	134	1173	336	99.97	0.53	0	4850928	0	119	119	281608	281608	40764	40764	586187	586187	55.8	4.41	89.22	11	4558	1	1168	4	0	0	0
HN079_contigs	f__Enterobacteriaceae (UID5066)	55	546	224	99.98	0.32	20	5767174	0	170	170	155842	155842	33924	33924	378099	378099	53.4	3.6	86.8	11	5347	1	542	2	1	0	0
HN087_contigs	f__Enterobacteriaceae (UID5124)	134	1173	336	99.97	0.53	0	4850065	0	112	112	285671	285671	43304	43304	959184	959184	55.8	4.4	89.19	11	4549	1	1168	4	0	0	0
HN091_contigs	f__Enterobacteriaceae (UID5124)	134	1173	336	99.97	0.53	0	4849974	0	108	108	304348	304348	44907	44907	959184	959184	55.8	4.22	89.24	11	4551	1	1168	4	0	0	0
HN093_contigs	f__Moraxellaceae (UID4680)	86	689	365	100	0.41	0	4080438	0	150	150	172900	172900	27202	27202	487325	487325	38.8	2.22	87.62	11	3917	0	687	2	0	0	0
HN099_contigs	f__Moraxellaceae (UID4680)	86	689	365	100	0.41	0	4043808	0	153	153	179263	179263	26430	26430	422597	422597	38.8	2.69	87.54	11	3865	0	687	2	0	0	0
HN100_contigs	f__Enterobacteriaceae (UID5124)	134	1173	336	99.07	0.04	100	4821613	0	80	80	281973	281973	60270	60270	728456	728456	56	1.51	89.5	11	4515	4	1168	1	0	0	0
HN105_contigs	f__Moraxellaceae (UID4680)	86	689	365	99.93	2.03	0	4631744	0	103	103	226098	226098	44968	44968	623276	623276	37.9	3.87	85.17	11	4372	1	678	9	1	0	0
HN109_contigs	f__Enterobacteriaceae (UID5124)	134	1173	336	99.07	0.04	100	4772749	0	84	84	281973	281973	56818	56818	728456	728456	56	2.23	89.65	11	4468	4	1168	1	0	0	0
HN110_contigs	f__Enterobacteriaceae (UID5124)	134	1173	336	99.07	0.04	100	4854272	0	83	83	281973	281973	58485	58485	763110	763110	56	1.96	89.53	11	4562	4	1168	1	0	0	0
HN117_contigs	f__Enterobacteriaceae (UID5066)	55	546	224	99.8	0	0	5466773	0	81	81	249019	249019	67491	67491	895517	895517	59.6	3.07	87.61	11	5118	7	539	0	0	0	0
HN118_contigs	f__Enterobacteriaceae (UID5066)	55	546	224	99.81	0	0	5506515	0	82	82	249017	249017	67152	67152	895517	895517	59.4	3.98	87.5	11	5153	6	540	0	0	0	0
HN119_contigs	f__Enterobacteriaceae (UID5066)	55	546	224	99.8	0	0	5506321	0	76	76	360078	360078	72451	72451	895517	895517	59.4	4.03	87.51	11	5155	7	539	0	0	0	0
HN120_contigs	f__Enterobacteriaceae (UID5124)	134	1173	336	99.97	0.33	0	4597730	0	70	70	734205	734205	65681	65681	1948661	1948661	56	4.02	89.34	11	4255	1	1170	2	0	0	0
HN121_contigs	f__Moraxellaceae (UID4680)	86	686	363	99.69	0.28	0	3217837	0	31	31	418029	418029	103801	103801	671633	671633	43.2	4.88	88.57	11	2961	2	683	1	0	0	0
HN122_contigs	f__Moraxellaceae (UID4680)	86	686	363	99.69	0.28	0	3318459	0	50	50	381431	381431	66369	66369	707013	707013	43.1	4.42	88.55	11	3072	2	683	1	0	0	0
HN123_contigs	f__Moraxellaceae (UID4680)	86	689	365	99.96	0.55	0	3850815	0	58	58	480648	480648	66393	66393	1196043	1196043	38.4	3.84	88.03	11	3782	1	686	2	0	0	0
HN124_contigs	f__Enterobacteriaceae (UID5124)	134	1173	336	99.97	0.33	0	4698706	0	86	86	734205	734205	54636	54636	1847867	1847867	55.9	4.28	89.23	11	4386	1	1170	2	0	0	0
HN125_contigs	f__Enterobacteriaceae (UID5124)	134	1173	336	99.97	0.33	0	4697227	0	78	78	836167	836167	60220	60220	1643138	1643138	55.9	4.24	89.26	11	4384	1	1170	2	0	0	0
HN126_contigs	f__Moraxellaceae (UID4680)	86	689	365	99.96	0.55	0	3849786	0	51	51	751150	751150	75486	75486	1196642	1196642	38.4	4.11	88.05	11	3782	1	686	2	0	0	0
HN127_contigs	f__Moraxellaceae (UID4680)	86	689	365	99.96	0.55	0	3848392	0	50	50	750298	750298	76967	76967	1195390	1195390	38.3	4.68	88.06	11	3784	1	686	2	0	0	0
HN128_contigs	o__Rhodospirillales (UID3754)	63	336	201	99.5	0	0	3715003	0	85	85	353636	353636	43705	43705	489182	489182	60.3	4.59	89.05	11	3435	2	334	0	0	0	0
HN132_contigs	f__Moraxellaceae (UID4680)	86	689	365	99.96	0.55	0	3621917	0	98	98	273786	273786	36958	36958	500870	500870	38.4	2.69	88.24	11	3522	1	686	2	0	0	0
HN151_contigs	f__Enterobacteriaceae (UID5066)	55	546	224	99.94	0.06	0	6108733	0	240	240	424892	424892	25453	25453	769468	769468	53.6	4.08	87.02	11	5793	1	544	1	0	0	0
HN157_contigs	f__Enterobacteriaceae (UID5066)	55	546	224	99.94	0.06	0	6109119	0	247	247	369436	369436	24733	24733	769353	769353	53.6	4.08	87	11	5789	1	544	1	0	0	0
HN162_contigs	f__Enterobacteriaceae (UID5121)	138	1159	336	100	0.07	0	5986419	0	138	138	395796	395796	43379	43379	879857	879857	55.1	4.61	88.17	11	5565	0	1157	2	0	0	0
HN166_contigs	f__Enterobacteriaceae (UID5066)	55	546	224	100	0.45	0	5675602	0	155	155	540069	540069	36616	36616	2560301	2560301	55.1	4.41	87.57	11	5356	0	545	1	0	0	0
HN173_contigs	f__Enterobacteriaceae (UID5066)	55	546	224	99.94	0.06	0	6065785	0	260	260	350391	350391	23329	23329	769466	769466	53.7	4.26	86.99	11	5745	1	544	1	0	0	0
HN176_contigs	f__Enterobacteriaceae (UID5124)	134	1173	336	99.07	0.04	100	4772967	0	86	86	273827	273827	55499	55499	496774	496774	56	2.16	89.65	11	4472	4	1168	1	0	0	0
HN178_contigs	f__Enterobacteriaceae (UID5054)	223	875	304	99.99	0.94	0	5026812	0	99	99	219655	219655	50775	50775	404862	404862	54.6	5.28	88.26	11	4747	1	865	9	0	0	0
HN182_contigs	o__Rhodospirillales (UID3754)	63	336	201	99.75	0.25	0	3465209	0	31	31	531842	531842	111780	111780	818661	818661	59.7	3.18	89.33	11	3150	1	334	1	0	0	0
LB11_contigs	k__Bacteria (UID2565)	2921	152	93	100	0	0	3959673	0	108	108	212814	212814	36663	36663	305744	305744	36.3	3.49	88.44	11	3666	0	152	0	0	0	0
LB12_contigs	o__Actinomycetales (UID1593)	69	400	198	99.49	1.26	0	3943447	0	67	67	305710	305710	58857	58857	915849	915849	68.8	4.96	92.69	11	3843	1	395	4	0	0	0
LB14_contigs	g__Bacillus (UID902)	44	1171	324	98.86	3.62	80.56	5359798	0	671	671	18551	18551	7987	7987	96332	96332	35.2	2.5	84.62	11	5856	7	1137	24	2	1	0
LB15_contigs	k__Bacteria (UID2565)	2921	152	93	100	0	0	3960468	0	233	233	50953	50953	16997	16997	136018	136018	36.3	2.51	88.37	11	3757	0	152	0	0	0	0
LB16_contigs	o__Actinomycetales (UID1593)	69	400	198	99.33	1.01	0	3809670	0	210	210	47474	47474	18141	18141	184307	184307	68.9	2.75	92.77	11	3803	2	394	4	0	0	0
LB22_contigs	k__Bacteria (UID2565)	2921	152	93	96.77	4.97	88.89	4028671	0	1379	1379	5964	5964	2921	2921	24295	24295	36.3	2.59	88.12	11	4667	3	142	6	1	0	0
LB26_contigs	k__Bacteria (UID2565)	2921	152	93	100	0	0	3960380	0	77	77	213008	213008	51433	51433	311517	311517	36.3	3.39	88.42	11	3650	0	152	0	0	0	0
LB28_contigs	root (UID1)	5656	56	24	0	0	0	44561	0	11	11	7110	7110	4051	4051	9090	9090	28.1	8.69	53.42	4	40	56	0	0	0	0	0
LB9_contigs	root (UID1)	5656	56	24	0	0	0	32798	0	23	23	5474	5474	1426	1426	11309	11309	37.2	6.22	57.51	11	46	56	0	0	0	0	0
M50_contigs	f__Enterobacteriaceae (UID5124)	134	1173	336	99.53	0.33	20	4781054	0	237	237	41271	41271	20173	20173	111135	111135	56	4.79	88.94	11	4661	3	1165	5	0	0	0
M51_contigs	f__Moraxellaceae (UID4680)	86	689	365	99.73	0	0	3887145	0	105	105	234464	234464	37020	37020	394588	394588	38.7	3.77	88	11	3660	1	688	0	0	0	0
MMO-102_contigs	f__Enterobacteriaceae (UID5066)	55	546	224	99.81	0.56	0	5499790	0	79	79	697572	697572	69617	69617	1172327	1172327	59.7	3.98	87.97	11	5138	6	538	2	0	0	0
MMO-103_contigs	f__Enterobacteriaceae (UID5054)	223	875	304	99.66	0.56	0	4947236	0	97	97	511841	511841	51002	51002	691000	691000	54.8	4.61	88.55	11	4734	2	866	7	0	0	0
MMO-104_contigs	o__Burkholderiales (UID4000)	193	427	214	99.53	0	0	6266189	0	56	56	667252	667252	111896	111896	1328555	1328555	67.8	5.39	89.7	11	5698	1	426	0	0	0	0
MMO-105_contigs	k__Bacteria (UID2565)	2921	152	93	100	2.15	0	4154769	0	38	38	408763	408763	109336	109336	645362	645362	35.3	3.63	89.41	11	3870	0	149	3	0	0	0
MMO-108_contigs	f__Bacillaceae (UID829)	128	561	183	98.91	2.5	11.11	6226159	0	242	242	170037	170037	25727	25727	682318	682318	40	3.62	80.6	11	6223	2	552	6	1	0	0
MMO-109_contigs	f__Comamonadaceae (UID4119)	39	693	323	99.85	0.62	0	6596608	0	59	59	336741	336741	111806	111806	1004452	1004452	66.6	7.48	89.59	11	5987	1	690	2	0	0	0
MMO-10_contigs	o__Actinomycetales (UID1593)	69	400	198	98.99	1.18	0	3991498	0	17	17	836204	836204	234794	234794	953730	953730	70.8	6.11	90.9	11	3665	2	395	3	0	0	0
MMO-110_contigs	f__Enterobacteriaceae (UID5124)	134	1173	336	99.97	0.53	0	4861822	0	116	116	285671	285671	41912	41912	574887	574887	55.8	4.15	89.18	11	4554	1	1168	4	0	0	0
MMO-113_contigs	o__Actinomycetales (UID1593)	69	400	198	98.99	0.06	0	3441445	0	19	19	768658	768658	181128	181128	1395435	1395435	70.1	7.46	92.46	11	3352	2	397	1	0	0	0
MMO-114_contigs	g__Bacillus (UID864)	93	711	241	98.96	0	0	4433139	0	74	74	223203	223203	59907	59907	602787	602787	45.7	5.96	87.61	11	4651	3	708	0	0	0	0
MMO-115_S99_L001_R2_001_contigs	g__Bacillus (UID864)	93	711	241	99.17	0.49	0	4514669	0	203	203	216702	216702	22239	22239	604123	604123	46.1	12.67	87.52	11	4816	2	706	3	0	0	0
MMO-116_contigs	f__Enterobacteriaceae (UID5124)	134	1173	336	99.97	0.53	0	4869230	0	141	141	243426	243426	34533	34533	573552	573552	55.8	3.88	89.11	11	4568	1	1168	4	0	0	0
MMO-119_contigs	f__Enterobacteriaceae (UID5124)	134	1173	336	99.97	0.53	0	4860704	0	110	110	304348	304348	44188	44188	573552	573552	55.8	4.14	89.2	11	4552	1	1168	4	0	0	0
MMO-11_contigs	k__Bacteria (UID203)	5449	101	56	98.21	10.47	0	9192866	0	549	549	120875	120875	16744	16744	944455	944455	48.2	21.76	86.58	11	9122	1	86	14	0	0	0
MMO-120_contigs	f__Enterobacteriaceae (UID5124)	134	1173	336	99.07	0.04	100	4853206	0	77	77	281973	281973	63028	63028	673073	673073	56	1.6	89.57	11	4565	4	1168	1	0	0	0
MMO-122_contigs	f__Enterobacteriaceae (UID5124)	134	1173	336	99.97	0.53	0	4860040	0	107	107	319234	319234	45420	45420	613949	613949	55.8	4.01	89.19	11	4550	1	1168	4	0	0	0
MMO-123_contigs	o__Burkholderiales (UID4000)	193	427	214	99.53	0	0	6266189	0	56	56	667252	667252	111896	111896	1328555	1328555	67.8	5.39	89.7	11	5698	1	426	0	0	0	0
MMO-124_contigs	o__Burkholderiales (UID4000)	193	427	214	99.53	0	0	6267029	0	59	59	802236	802236	106220	106220	1719029	1719029	67.8	6.41	89.7	11	5702	1	426	0	0	0	0
MMO-125_contigs	o__Actinomycetales (UID1572)	580	286	171	100	0	0	2792640	0	13	13	644399	644399	214818	214818	1041755	1041755	66.8	5.52	91.29	11	2522	0	286	0	0	0	0
MMO-126_contigs	f__Enterobacteriaceae (UID5124)	134	1173	336	99.07	0.04	100	4855382	0	90	90	292900	292900	53948	53948	672893	672893	56	1.44	89.51	11	4565	4	1168	1	0	0	0
MMO-127_contigs	o__Flavobacteriales (UID2815)	123	324	204	100	0	0	4545338	0	56	56	236189	236189	81166	81166	652365	652365	35.8	3.7	86.91	11	4198	0	324	0	0	0	0
MMO-128_contigs	f__Moraxellaceae (UID4680)	86	689	365	100	0	0	3993688	0	59	59	528614	528614	67689	67689	892335	892335	38.6	3.78	87.76	11	3727	0	689	0	0	0	0
MMO-130_contigs	f__Moraxellaceae (UID4680)	86	689	365	100	0.41	0	4036650	0	153	153	179263	179263	26383	26383	422556	422556	38.8	3.21	87.59	11	3861	0	687	2	0	0	0
MMO-131_contigs	f__Moraxellaceae (UID4680)	86	689	365	100	0.41	0	4039269	0	173	173	179263	179263	23348	23348	422556	422556	38.8	3.04	87.6	11	3882	0	687	2	0	0	0
MMO-136_contigs	f__Micrococcaceae (UID1623)	39	457	218	98.7	0.23	0	2482762	0	93	93	147513	147513	26696	26696	461176	461176	73.1	4.36	90.66	11	2279	6	450	1	0	0	0
MMO-138_contigs	o__Actinomycetales (UID1593)	69	400	198	99.49	0.67	0	4062361	0	50	50	406614	406614	81247	81247	715927	715927	70.8	5.24	91.25	11	3794	1	397	2	0	0	0
MMO-139_contigs	k__Bacteria (UID203)	5449	104	58	100	96.05	0	7322912	0	138	138	255769	255769	53064	53064	673073	673073	61.7	9	89.76	11	6765	0	4	100	0	0	0
MMO-13_contigs	root (UID1)	5656	56	24	100	204.17	0	13601345	0	280	280	233805	233805	48576	48576	1032353	1032353	53.1	16.87	88.73	11	13170	0	0	0	55	1	0
MMO-140_contigs	c__Bacilli (UID285)	586	324	180	99.44	0	0	2655188	0	42	42	297352	297352	63218	63218	756682	756682	33	5.19	84.14	11	2610	1	323	0	0	0	0
MMO-141_contigs	f__Micrococcaceae (UID1623)	39	457	218	98.7	0.23	0	2538134	0	110	110	322565	322565	23073	23073	358516	358516	73	6.25	90.52	11	2381	6	450	1	0	0	0
MMO-142_contigs	p__Bacteroidetes (UID2605)	350	316	210	99.84	2.86	0	6305097	0	115	115	241146	241146	54826	54826	453782	453782	39.7	5.07	88.41	11	5554	1	311	2	2	0	0
MMO-143_contigs	f__Moraxellaceae (UID4680)	86	689	365	100	0	0	4030323	0	67	67	528613	528613	60154	60154	892390	892390	38.6	3.74	87.77	11	3790	0	689	0	0	0	0
MMO-144_contigs	o__Burkholderiales (UID4000)	193	427	214	99.53	0	0	6265241	0	57	57	667252	667252	109916	109916	1328501	1328501	67.8	5.38	89.72	11	5708	1	426	0	0	0	0
MMO-146_contigs	p__Bacteroidetes (UID2605)	350	316	210	99.84	2.86	0	6291384	0	102	102	241146	241146	61680	61680	453782	453782	39.7	2.88	88.51	11	5545	1	311	2	2	0	0
MMO-147_contigs	root (UID1)	5656	56	24	100	100	91.07	6655962	0	242	242	201406	201406	27503	27503	507014	507014	70.3	3.53	92.13	11	6408	0	0	56	0	0	0
MMO-14_contigs	c__Gammaproteobacteria (UID4754)	541	304	171	99.97	0	0	4920809	0	129	129	295155	295155	38145	38145	789382	789382	61.2	4.24	87.25	11	4445	1	303	0	0	0	0
MMO-150_contigs	root (UID1)	5656	56	24	100	104.17	0	8614486	0	511	511	459143	459143	16858	16858	1029815	1029815	55.5	9.49	90.44	11	8626	0	0	55	1	0	0
MMO-151_contigs	f__Enterobacteriaceae (UID5066)	55	546	224	99.98	0.32	20	5765730	0	190	190	151798	151798	30345	30345	378099	378099	53.4	4.12	86.83	11	5369	1	542	2	1	0	0
MMO-152_contigs	o__Actinomycetales (UID1814)	148	572	276	99.58	0.12	0	4612969	0	20	20	1035433	1035433	230648	230648	1426122	1426122	66.4	3.65	92.36	11	4508	2	569	1	0	0	0
MMO-153_contigs	o__Actinomycetales (UID1593)	69	400	198	99.49	0	0	2990041	0	57	57	231169	231169	52456	52456	690512	690512	69.3	9.38	92.37	11	2840	1	399	0	0	0	0
MMO-154_contigs	f__Micrococcaceae (UID1623)	39	457	218	98.7	0.23	0	2452549	0	70	70	252637	252637	35036	35036	448401	448401	73.2	5.43	90.7	11	2257	6	450	1	0	0	0
MMO-159_contigs	o__Actinomycetales (UID1593)	69	400	198	99.49	0	0	2977333	0	40	40	208635	208635	74433	74433	672175	672175	69.4	4.25	92.66	11	2834	1	399	0	0	0	0
MMO-160_contigs	f__Micrococcaceae (UID1623)	39	457	218	99.07	0.92	0	3009619	0	121	121	193480	193480	24872	24872	442590	442590	69	3.16	90.54	11	2772	4	451	2	0	0	0
MMO-161_contigs	o__Actinomycetales (UID1572)	580	286	171	100	0	0	2851007	0	11	11	542503	542503	259182	259182	1041783	1041783	66.7	5.05	91.24	11	2590	0	286	0	0	0	0
MMO-162_contigs	k__Bacteria (UID203)	5449	104	58	100	98.28	0	8574412	0	294	294	72907	72907	29164	29164	728081	728081	68	3.43	89.99	11	8049	0	1	103	0	0	0
MMO-163_contigs	f__Moraxellaceae (UID4680)	86	689	365	100	0.41	0	4041553	0	129	129	195017	195017	31329	31329	422556	422556	38.8	2.45	87.55	11	3841	0	687	2	0	0	0
MMO-164_contigs	f__Xanthomonadaceae (UID4214)	55	659	290	100	0.61	0	4889208	0	54	54	334867	334867	90540	90540	1014528	1014528	66.1	3.87	88.82	11	4478	0	655	4	0	0	0
MMO-165_contigs	f__Xanthomonadaceae (UID4214)	55	659	290	100	0.61	0	4889327	0	71	71	270493	270493	68863	68863	531310	531310	66.1	3.18	88.74	11	4478	0	655	4	0	0	0
MMO-16_contigs	k__Bacteria (UID2565)	2921	152	93	100	2.15	0	4155861	0	46	46	408713	408713	90344	90344	645362	645362	35.3	3.63	89.42	11	3878	0	149	3	0	0	0
MMO-172_contigs	o__Rhizobiales (UID3654)	92	481	319	99.37	0.94	0	5389869	0	58	58	249791	249791	92928	92928	675665	675665	66.6	3.56	89.09	11	5151	2	474	5	0	0	0
MMO-173_contigs	o__Rhizobiales (UID3654)	92	481	319	100	0.31	0	7341075	0	199	199	261276	261276	36889	36889	570808	570808	71	4.64	85.46	11	7098	0	480	1	0	0	0
MMO-174_contigs	o__Rhizobiales (UID3642)	107	483	315	100	0.03	0	5626252	0	41	41	641374	641374	137225	137225	1302124	1302124	66.6	3.42	88.89	11	5415	0	482	1	0	0	0
MMO-175_contigs	o__Rhizobiales (UID3654)	92	481	319	100	0.63	0	6881843	0	151	151	215009	215009	45575	45575	451799	451799	71.3	4.91	85.74	11	6534	0	479	2	0	0	0
MMO-176_contigs	o__Sphingomonadales (UID3310)	26	569	293	99.66	0.85	0	3648441	0	20	20	1042788	1042788	182422	182422	1051328	1051328	67.7	4.65	90.27	11	3426	1	565	3	0	0	0
MMO-177_contigs	f__Paenibacillaceae (UID971)	46	481	186	99.73	0.54	0	6688047	0	113	113	922090	922090	59186	59186	1276444	1276444	50.2	2.84	87.94	11	6092	1	479	1	0	0	0
MMO-17_contigs	o__Flavobacteriales (UID2815)	123	324	204	100	0.25	0	4878630	0	33	33	571308	571308	147837	147837	1237185	1237185	36.3	3.1	88.19	11	4412	0	323	1	0	0	0
MMO-19_contigs	o__Lactobacillales (UID544)	293	473	265	99.25	3.6	0	3766950	0	96	96	378580	378580	39239	39239	1004042	1004042	42.4	6.94	87.65	11	3620	2	460	10	1	0	0
MMO-1_contigs	f__Xanthomonadaceae (UID4214)	55	659	290	100	1.86	0	5021049	0	157	157	176509	176509	31981	31981	631971	631971	66.2	4.01	88.81	11	4696	0	643	16	0	0	0
MMO-20_contigs	o__Actinomycetales (UID1593)	69	400	198	99.49	0	0	2921887	0	34	34	229621	229621	85937	85937	729954	729954	69.4	4.72	92.72	11	2775	1	399	0	0	0	0
MMO-21_contigs	k__Bacteria (UID2565)	2921	152	93	100	2.15	0	4156184	0	51	51	408722	408722	81493	81493	645362	645362	35.3	3.51	89.39	11	3876	0	149	3	0	0	0
MMO-23_contigs	o__Actinomycetales (UID1593)	69	400	198	99.49	0.67	0	4061958	0	51	51	404004	404004	79646	79646	701691	701691	70.8	4.96	91.27	11	3796	1	397	2	0	0	0
MMO-24_contigs	f__Enterobacteriaceae (UID5066)	55	546	224	99.98	0.32	20	5767124	0	192	192	151944	151944	30037	30037	378099	378099	53.4	4.17	86.83	11	5376	1	542	2	1	0	0
MMO-25_contigs	g__Bacillus (UID902)	44	1171	324	99.01	0.39	0	5817626	0	171	171	237759	237759	34021	34021	710216	710216	35	3.81	84.52	11	5975	5	1164	1	1	0	0
MMO-26_contigs	f__Micrococcaceae (UID1623)	39	457	218	98.7	3.39	8.33	2700950	0	199	199	147549	147549	13572	13572	334952	334952	72.7	5.78	89.96	11	2624	6	445	4	0	0	2
MMO-27_contigs	f__Micrococcaceae (UID1623)	39	457	218	98.7	2.06	0	2603169	0	95	95	198223	198223	27401	27401	377034	377034	72.7	6.69	90.35	11	2425	6	444	6	1	0	0
MMO-28_contigs	f__Enterobacteriaceae (UID5066)	55	546	224	99.98	0.32	20	5767420	0	192	192	151944	151944	30038	30038	378099	378099	53.4	4.09	86.82	11	5369	1	542	2	1	0	0
MMO-29_contigs	f__Micrococcaceae (UID1623)	39	457	218	98.7	0.23	0	2482763	0	94	94	131128	131128	26412	26412	460779	460779	73.1	5.02	90.69	11	2280	6	450	1	0	0	0
MMO-2_contigs	f__Xanthomonadaceae (UID4214)	55	659	290	100	0.61	0	4888042	0	57	57	255904	255904	85755	85755	586676	586676	66.1	2.87	88.83	11	4482	0	655	4	0	0	0
MMO-30_contigs	k__Archaea (UID2)	207	149	107	81.24	42.55	3.17	10418354	0	168	168	1078108	1078108	62014	62014	1636539	1636539	47.1	10.64	83.97	11	7351	22	66	41	16	2	2
MMO-31_contigs	g__Staphylococcus (UID294)	60	773	178	99.81	0	0	2445171	0	70	70	210170	210170	34931	34931	431096	431096	32	5.73	83.2	11	2287	1	772	0	0	0	0
MMO-32_contigs	o__Actinomycetales (UID1593)	69	400	198	99.49	0.67	0	4062238	0	52	52	403857	403857	78119	78119	701691	701691	70.8	5.09	91.26	11	3796	1	397	2	0	0	0
MMO-33_contigs	o__Rhodospirillales (UID3754)	63	336	201	99.75	0.25	0	3465539	0	36	36	515506	515506	96264	96264	818661	818661	59.7	3.16	89.29	11	3153	1	334	1	0	0	0
MMO-34_contigs	o__Rhodospirillales (UID3754)	63	336	201	99.75	0.25	0	3465037	0	35	35	515506	515506	99001	99001	818661	818661	59.7	3.12	89.29	11	3152	1	334	1	0	0	0
MMO-35_contigs	o__Actinomycetales (UID1593)	69	400	198	99.49	0.67	0	4061552	0	48	48	414428	414428	84615	84615	715823	715823	70.8	5.24	91.25	11	3792	1	397	2	0	0	0
MMO-36_contigs	c__Gammaproteobacteria (UID4754)	541	304	171	99.97	0	0	4900744	0	109	109	295163	295163	44960	44960	772797	772797	61.3	4.27	87.33	11	4417	1	303	0	0	0	0
MMO-37_contigs	f__Enterobacteriaceae (UID5124)	134	1173	336	99.97	0.53	0	4845203	0	113	113	304350	304350	42877	42877	539113	539113	55.8	4.97	89.22	11	4542	1	1168	4	0	0	0
MMO-38_contigs	f__Enterobacteriaceae (UID5124)	134	1173	336	99.97	0.53	0	4852106	0	117	117	319234	319234	41470	41470	539004	539004	55.8	4.06	89.18	11	4553	1	1168	4	0	0	0
MMO-39_contigs	o__Actinomycetales (UID1572)	580	286	171	99.71	1.46	0	3708233	0	28	28	537539	537539	132436	132436	780776	780776	70.4	5.11	91.66	11	3452	1	282	3	0	0	0
MMO-40_contigs	o__Actinomycetales (UID1572)	580	286	171	99.71	1.46	0	3707394	0	30	30	338507	338507	123579	123579	829743	829743	70.4	4.42	91.61	11	3448	1	282	3	0	0	0
MMO-41_contigs	c__Gammaproteobacteria (UID4754)	541	304	171	99.97	0	0	4904670	0	138	138	259660	259660	35541	35541	772065	772065	61.3	4.33	87.31	11	4430	1	303	0	0	0	0
MMO-42_contigs	f__Comamonadaceae (UID4119)	39	693	323	99.85	0.62	0	6554258	0	55	55	628980	628980	119168	119168	1111933	1111933	66.7	8.1	89.54	11	5889	1	690	2	0	0	0
MMO-43_contigs	f__Enterobacteriaceae (UID5124)	134	1173	336	99.07	0.04	100	4857251	0	101	101	292745	292745	48091	48091	763055	763055	56	1.45	89.5	11	4567	4	1168	1	0	0	0
MMO-44_contigs	c__Gammaproteobacteria (UID4754)	541	304	171	99.97	0	0	4903453	0	132	132	295163	295163	37147	37147	772578	772578	61.3	4.51	87.31	11	4431	1	303	0	0	0	0
MMO-45_contigs	f__Enterobacteriaceae (UID5124)	134	1173	336	99.07	0.04	100	4772665	0	80	80	292745	292745	59658	59658	728456	728456	56	1.41	89.65	11	4469	4	1168	1	0	0	0
MMO-47_contigs	c__Bacilli (UID285)	586	324	180	99.44	0.83	0	2855424	0	54	54	467267	467267	52878	52878	676465	676465	32.8	5.95	83.92	11	2681	1	321	2	0	0	0
MMO-4_contigs	o__Actinomycetales (UID1572)	580	286	171	99.71	1.46	0	3709201	0	37	37	433583	433583	100248	100248	780825	780825	70.4	5.29	91.59	11	3453	1	282	3	0	0	0
MMO-54_contigs	p__Bacteroidetes (UID2605)	350	316	210	100	1.19	0	5621369	0	60	60	463408	463408	93689	93689	849402	849402	40.3	2.55	89.03	11	4802	0	313	3	0	0	0
MMO-55_contigs	o__Flavobacteriales (UID2815)	123	324	204	100	0	0	4543769	0	48	48	241699	241699	94661	94661	652407	652407	35.8	3.51	86.94	11	4195	0	324	0	0	0	0
MMO-56_contigs	o__Actinomycetales (UID1593)	69	399	197	99.49	1.02	0	3720635	0	70	70	190759	190759	53151	53151	369762	369762	71	4.52	91.79	11	3540	1	394	4	0	0	0
MMO-57_contigs	o__Actinomycetales (UID1572)	580	286	171	99.71	1.46	0	3707518	0	34	34	597843	597843	109044	109044	976833	976833	70.4	5.72	91.61	11	3453	1	282	3	0	0	0
MMO-58_contigs	f__Paenibacillaceae (UID971)	46	481	186	99.73	0	0	7206384	0	96	96	532776	532776	75066	75066	1240281	1240281	49.8	4.45	88.18	11	6589	1	480	0	0	0	0
MMO-59_contigs	f__Paenibacillaceae (UID971)	46	481	186	99.73	0.69	0	6568089	0	270	270	228587	228587	24326	24326	695305	695305	50.8	5.33	87.52	11	5849	1	476	4	0	0	0
MMO-64_contigs	o__Actinomycetales (UID1593)	69	400	198	99.49	0	0	2980263	0	36	36	232450	232450	82785	82785	798146	798146	69.4	4.77	92.7	11	2841	1	399	0	0	0	0
MMO-66_contigs	o__Actinomycetales (UID1572)	580	286	171	100	0	0	2793183	0	10	10	644338	644338	279318	279318	1041856	1041856	66.8	5.16	91.32	11	2522	0	286	0	0	0	0
MMO-67_contigs	f__Micrococcaceae (UID1623)	39	457	218	98.7	0.23	0	2493782	0	95	95	189420	189420	26250	26250	362454	362454	72.9	8.43	90.55	11	2280	6	450	1	0	0	0
MMO-68_contigs	p__Bacteroidetes (UID2605)	350	316	210	100	1.19	0	5620411	0	53	53	540649	540649	106045	106045	849387	849387	40.3	3.17	89.05	11	4805	0	313	3	0	0	0
MMO-6_contigs	f__Xanthomonadaceae (UID4214)	55	659	290	100	0.61	0	4890242	0	71	71	269015	269015	68876	68876	586647	586647	66.1	3.31	88.78	11	4478	0	655	4	0	0	0
MMO-70_contigs	o__Actinomycetales (UID1593)	69	399	197	99.49	1.02	0	3735437	0	94	94	180322	180322	39738	39738	577879	577879	71	4.26	91.72	11	3560	1	394	4	0	0	0
MMO-71_contigs	o__Actinomycetales (UID1572)	580	286	171	99.71	1.46	0	3706475	0	29	29	343519	343519	127809	127809	1070600	1070600	70.4	4.77	91.59	11	3448	1	282	3	0	0	0
MMO-72_contigs	o__Flavobacteriales (UID2815)	123	324	204	100	0	0	4543384	0	47	47	257609	257609	96667	96667	555859	555859	35.8	3.61	86.94	11	4192	0	324	0	0	0	0
MMO-74_contigs	root (UID1)	5656	56	24	100	100	8.93	6029001	0	205	205	275234	275234	29409	29409	730078	730078	68.9	10.03	91.17	11	5604	0	0	56	0	0	0
MMO-75_contigs	o__Actinomycetales (UID1572)	580	286	171	100	0	0	2852942	0	19	19	330172	330172	150154	150154	1041800	1041800	66.7	4.17	91.21	11	2589	0	286	0	0	0	0
MMO-78_contigs	o__Actinomycetales (UID1593)	69	400	198	99.49	0	0	2976758	0	37	37	231379	231379	80452	80452	729933	729933	69.4	4.58	92.7	11	2835	1	399	0	0	0	0
MMO-79_contigs	o__Actinomycetales (UID1593)	69	399	197	99.49	1.02	0	3735682	0	96	96	150131	150131	38913	38913	577879	577879	71	4.26	91.68	11	3562	1	394	4	0	0	0
MMO-80_contigs	p__Bacteroidetes (UID2605)	350	316	210	100	1.19	0	5621734	0	62	62	417893	417893	90673	90673	778179	778179	40.3	2.39	89.02	11	4798	0	313	3	0	0	0
MMO-81_contigs	g__Staphylococcus (UID294)	60	773	178	99.81	0.11	0	2462728	0	101	101	327997	327997	24383	24383	642561	642561	32.7	5.76	85.13	11	2463	1	770	2	0	0	0
MMO-82_contigs	o__Burkholderiales (UID4000)	193	427	214	99.53	0.47	0	6266047	0	49	49	929307	929307	127878	127878	1474901	1474901	67.8	5.16	89.71	11	5692	1	425	1	0	0	0
MMO-83_contigs	f__Enterobacteriaceae (UID5124)	134	1173	336	99.07	0.04	100	4772274	0	79	79	292745	292745	60408	60408	707672	707672	56	1.87	89.65	11	4468	4	1168	1	0	0	0
MMO-84_contigs	f__Enterobacteriaceae (UID5124)	134	1173	336	99.07	0.04	100	4854437	0	83	83	292745	292745	58487	58487	763055	763055	56	1.61	89.53	11	4565	4	1168	1	0	0	0
MMO-86_contigs	p__Bacteroidetes (UID2605)	350	316	210	100	1.19	0	5620411	0	53	53	540649	540649	106045	106045	849387	849387	40.3	3.17	89.05	11	4805	0	313	3	0	0	0
MMO-87_contigs	p__Bacteroidetes (UID2605)	350	316	210	100	1.19	0	5620463	0	52	52	540478	540478	108085	108085	849413	849413	40.3	3.38	89.04	11	4800	0	313	3	0	0	0
MMO-88_contigs	f__Enterobacteriaceae (UID5124)	134	1173	336	99.07	0.04	100	4853708	0	80	80	293055	293055	60671	60671	673073	673073	56	1.99	89.55	11	4566	4	1168	1	0	0	0
MMO-89_contigs	f__Enterobacteriaceae (UID5124)	134	1173	336	99.07	0.04	100	4772911	0	86	86	292745	292745	55498	55498	496759	496759	56	1.81	89.63	11	4466	4	1168	1	0	0	0
MMO-8_contigs	o__Actinomycetales (UID1814)	148	572	276	99.58	0.29	0	4252524	0	23	23	1018726	1018726	184892	184892	1435673	1435673	66.2	3.8	92.63	11	4074	2	568	1	1	0	0
MMO-90_contigs	f__Enterobacteriaceae (UID5124)	134	1173	336	99.07	0.04	100	4772980	0	84	84	292745	292745	56821	56821	728456	728456	56	1.9	89.63	11	4467	4	1168	1	0	0	0
MMO-93_contigs	p__Bacteroidetes (UID2605)	350	316	210	100	1.19	0	5620165	0	51	51	540478	540478	110199	110199	849386	849386	40.3	3.17	89.05	11	4802	0	313	3	0	0	0
MMO-94_contigs	f__Enterobacteriaceae (UID5124)	134	1173	336	99.07	0.04	100	4855279	0	83	83	273827	273827	58497	58497	518234	518234	56	1.38	89.52	11	4565	4	1168	1	0	0	0
MMO-95_contigs	o__Rhodospirillales (UID3754)	63	336	201	99.75	0.25	0	3467641	0	30	30	515506	515506	115588	115588	818662	818662	59.7	3.19	89.33	11	3150	1	334	1	0	0	0
MMO-96_contigs	k__Bacteria (UID203)	5449	104	58	100	90.86	8.89	5966214	0	903	903	14614	14614	6607	6607	86503	86503	66.5	7.58	89.24	11	6092	0	31	66	6	1	0
MMO-97_contigs	o__Rhodospirillales (UID3754)	63	336	201	99.75	0.25	0	3465435	0	33	33	531810	531810	105013	105013	818661	818661	59.7	3.26	89.29	11	3148	1	334	1	0	0	0
MMO-99_contigs	g__Staphylococcus (UID298)	56	805	176	99.38	0.71	0	2209771	0	75	75	143299	143299	29463	29463	318462	318462	31.5	5.03	86.22	11	2149	5	798	2	0	0	0
S242_contigs	c__Gammaproteobacteria (UID4754)	541	304	171	99.97	0.58	0	4805224	0	197	197	160349	160349	24392	24392	574050	574050	61.2	3.91	87.53	11	4397	1	302	1	0	0	0
S315_contigs	c__Bacilli (UID256)	765	275	151	100	3.81	30	3603241	0	808	808	9135	9135	4459	4459	34163	34163	40.3	2.98	83.32	11	3968	0	265	10	0	0	0
USHLN005_contigs	f__Enterobacteriaceae (UID5054)	223	875	304	99.99	0.36	0	4763699	0	94	94	264713	264713	50677	50677	767908	767908	54.9	2.59	88.79	11	4482	1	869	5	0	0	0
USHLN009_contigs	o__Flavobacteriales (UID2815)	123	324	204	100	0.49	0	4706418	0	48	48	418526	418526	98050	98050	856124	856124	35.7	3.24	87.68	11	4209	0	322	2	0	0	0
USHLN010_contigs	f__Enterobacteriaceae (UID5054)	223	874	305	99.67	0.55	0	4926074	0	41	41	2577902	2577902	120148	120148	2577902	2577902	52.9	1.58	87.15	11	4428	1	868	5	0	0	0
USHLN014_contigs	f__Xanthomonadaceae (UID4214)	55	659	290	99.66	1.11	0	4606712	0	30	30	353353	353353	153557	153557	866753	866753	69.1	3.79	88.2	11	4034	2	651	6	0	0	0
USHLN015_contigs	o__Pseudomonadales (UID4488)	185	813	308	99.68	0.87	0	6627869	0	61	61	409814	409814	108653	108653	639403	639403	66.9	3.07	89.03	11	5984	1	807	5	0	0	0
USHLN018_contigs	o__Bacillales (UID828)	139	508	174	99.43	0.32	0	5024320	0	109	109	652230	652230	46094	46094	1201811	1201811	38.1	4.77	83.8	11	5140	1	505	2	0	0	0
USHLN021_contigs	c__Gammaproteobacteria (UID4754)	541	304	171	99.97	0	0	4775234	0	157	157	227693	227693	30415	30415	454825	454825	61.5	2.98	87.63	11	4372	1	303	0	0	0	0
USHLN022_contigs	g__Bacillus (UID902)	44	1171	324	99.18	3.31	0	6950071	0	141	141	317092	317092	49291	49291	1621674	1621674	34.6	4.9	82.65	11	7091	4	1096	70	1	0	0
USHLN023_contigs	o__Bacillales (UID828)	139	508	174	99.43	0.57	0	4732094	0	79	79	426414	426414	59899	59899	710196	710196	40	4	85.2	11	4842	1	506	1	0	0	0
USHLN028_contigs	c__Bacilli (UID259)	750	275	151	99.34	0.33	0	4568236	0	56	56	3093604	3093604	81575	81575	3093604	3093604	37.7	5.59	85.59	11	4466	1	273	1	0	0	0
USHLN029_contigs	c__Bacilli (UID259)	750	275	151	99.34	0.33	0	4659994	0	114	114	198679	198679	40877	40877	717107	717107	37.6	4.17	85.62	11	4627	1	273	1	0	0	0
USHLN030_contigs	f__Paenibacillaceae (UID973)	32	468	170	99.85	0.78	0	6901918	0	124	124	965407	965407	55660	55660	1601605	1601605	46.7	3.11	85.99	11	6266	1	464	3	0	0	0
USHLN038_contigs	f__Enterobacteriaceae (UID5054)	223	876	305	93.22	0.28	0	3251960	0	78	78	274999	274999	41691	41691	560092	560092	47.6	3.11	88.72	11	3163	31	842	3	0	0	0
USHLN04_contigs	f__Enterobacteriaceae (UID5066)	55	546	224	99.8	0	0	5466568	0	85	85	360045	360045	64312	64312	964640	964640	59.6	3.61	87.66	11	5132	7	539	0	0	0	0
USHLN06_contigs	f__Enterobacteriaceae (UID5121)	138	1159	336	100	0.39	0	5454526	0	97	97	384742	384742	56232	56232	976230	976230	57.4	2.41	88.07	11	5105	0	1156	3	0	0	0
USHLN08_contigs	f__Enterobacteriaceae (UID5066)	55	546	224	99.81	0.07	0	5257300	0	61	61	568010	568010	86185	86185	1161219	1161219	59.7	4.27	87.84	11	4874	6	539	1	0	0	0
USHLN139_contigs	o__Rhodospirillales (UID3754)	63	336	201	99.5	0.5	0	5855409	0	51	51	447210	447210	114811	114811	1593529	1593529	71.6	3.92	90.39	11	5294	1	334	1	0	0	0
USHLN143_contigs	f__Moraxellaceae (UID4680)	86	689	365	99.93	0.13	0	3557971	0	487	487	40930	40930	7305	7305	196399	196399	42.6	4.54	84.38	11	3642	1	686	2	0	0	0
USHLN148_contigs	f__Enterobacteriaceae (UID5054)	223	875	305	100	0.55	0	4598558	0	50	50	582520	582520	91971	91971	1253094	1253094	57	1.21	86.97	11	4222	0	871	4	0	0	0
USHLN149_contigs	f__Xanthomonadaceae (UID4214)	55	659	290	100	0.83	0	4319766	0	25	25	528580	528580	172790	172790	1343483	1343483	70.7	4.52	87.56	11	3628	0	653	6	0	0	0
USHLN150_contigs	o__Actinomycetales (UID1815)	120	572	265	99.56	0.94	0	7190419	0	123	123	276143	276143	58458	58458	912742	912742	61.7	1.73	90.37	11	6800	2	567	3	0	0	0
USHLN152_contigs	g__Bacillus (UID901)	46	1082	303	99.34	0.91	9.09	6275249	0	151	151	250264	250264	41557	41557	968890	968890	34.9	3.88	83.16	11	6411	2	1069	11	0	0	0
USHLN153_contigs	o__Actinomycetales (UID1572)	580	286	171	100	0.58	0	2650633	0	17	17	463942	463942	155919	155919	701111	701111	67.5	5.76	90.81	11	2327	0	285	1	0	0	0
USHLN154_contigs	o__Actinomycetales (UID1572)	580	286	171	100	0	0	3024531	0	19	19	393924	393924	159185	159185	889441	889441	67.7	5.58	91.63	11	2756	0	286	0	0	0	0
USHLN155_contigs	o__Actinomycetales (UID1572)	580	288	173	100	0	0	4331376	0	38	38	361919	361919	113983	113983	654578	654578	72.5	4.57	90.03	11	3804	0	288	0	0	0	0
USHLN157_contigs	f__Enterobacteriaceae (UID5121)	138	1162	336	100	0.72	12.5	6104761	0	164	164	186635	186635	37224	37224	607148	607148	56	4.18	87.97	11	5723	0	1154	8	0	0	0
USHLN158_contigs	f__Enterobacteriaceae (UID5054)	223	876	305	99.98	0.16	0	4923297	0	58	58	642604	642604	84884	84884	726185	726185	57.6	1.64	87.86	11	4530	1	874	1	0	0	0
USHLN159_contigs	f__Enterobacteriaceae (UID5054)	223	876	305	99.98	0.16	0	4925942	0	77	77	623820	623820	63973	63973	697280	697280	57.6	1.81	87.8	11	4532	1	874	1	0	0	0
USHLN160_contigs	f__Enterobacteriaceae (UID5054)	223	876	305	99.98	0.16	0	4924596	0	66	66	623820	623820	74615	74615	697172	697172	57.6	1.78	87.84	11	4532	1	874	1	0	0	0
USHLN162_contigs	f__Enterobacteriaceae (UID5054)	223	876	305	99.98	0.16	0	4923192	0	56	56	668929	668929	87914	87914	726185	726185	57.6	1.93	87.85	11	4527	1	874	1	0	0	0
USHLN164_contigs	f__Enterobacteriaceae (UID5054)	223	876	305	99.98	0.16	0	4924340	0	65	65	623820	623820	75759	75759	697239	697239	57.6	1.45	87.86	11	4538	1	874	1	0	0	0
USHLN165_contigs	f__Enterobacteriaceae (UID5054)	223	875	305	100	0.7	0	5034833	0	67	67	454998	454998	75146	75146	912177	912177	54.7	2.82	86.09	11	4753	0	870	5	0	0	0
USHLN167_contigs	f__Enterobacteriaceae (UID5124)	134	1173	336	99.97	0.04	0	4759394	0	71	71	410068	410068	67033	67033	1114339	1114339	55.9	2.48	89.87	11	4383	1	1171	1	0	0	0
USHLN168_contigs	g__Bacillus (UID902)	44	1171	324	99.12	0.46	0	5500123	0	102	102	348690	348690	53922	53922	929424	929424	35.1	5.07	84.36	11	5541	5	1164	2	0	0	0
USHLN169_contigs	c__Bacilli (UID285)	586	325	181	99.45	1.1	0	2798989	0	51	51	596607	596607	54882	54882	831436	831436	33	6.14	83.26	11	2644	1	322	2	0	0	0
USHLN16_contigs	f__Enterobacteriaceae (UID5121)	138	1162	336	100	0.99	10	6156243	0	123	123	277711	277711	50050	50050	883872	883872	55.9	3.66	88.09	11	5741	0	1152	10	0	0	0
USHLN172_contigs	g__Bacillus (UID902)	44	1171	324	99.07	0.05	0	5239249	0	55	55	806349	806349	95259	95259	2193366	2193366	35.1	6	84.47	11	5269	4	1166	1	0	0	0
USHLN173_contigs	c__Bacilli (UID285)	586	325	181	99.45	1.1	0	2847513	0	47	47	445687	445687	60585	60585	866464	866464	33	5.89	83.04	11	2669	1	322	2	0	0	0
USHLN175_contigs	root (UID1)	5656	56	24	100	100	0	7408325	0	94	94	543433	543433	78811	78811	1074126	1074126	47.2	10.75	87.53	11	6954	0	0	56	0	0	0
USHLN177_contigs	f__Enterobacteriaceae (UID5124)	134	1173	336	99	0.73	0	4607426	0	52	52	811520	811520	88604	88604	1073945	1073945	56	3.08	89.31	11	4292	5	1164	4	0	0	0
USHLN178_contigs	f__Enterobacteriaceae (UID5121)	138	1162	336	98.17	0.92	0	4267653	0	65	65	552740	552740	65656	65656	802723	802723	56.6	2.38	89.21	11	3928	13	1141	8	0	0	0
USHLN179_contigs	f__Enterobacteriaceae (UID5124)	134	1173	336	99	0.73	0	4608313	0	59	59	811520	811520	78107	78107	1073945	1073945	56	3.09	89.3	11	4292	5	1164	4	0	0	0
USHLN180_contigs	f__Enterobacteriaceae (UID5121)	138	1162	336	98.17	0.92	0	4267629	0	68	68	527393	527393	62759	62759	803670	803670	56.6	2.19	89.22	11	3928	13	1141	8	0	0	0
USHLN181_contigs	g__Bacillus (UID902)	44	1171	324	99.18	0.01	0	5308050	0	106	106	472940	472940	50075	50075	1128684	1128684	35.1	4.41	84.53	11	5404	4	1166	1	0	0	0
USHLN183_contigs	g__Bacillus (UID902)	44	1171	324	99.07	0.06	0	5253233	0	81	81	456712	456712	64854	64854	1118453	1118453	35.2	6.86	84.39	11	5289	4	1165	2	0	0	0
USHLN184_contigs	f__Enterobacteriaceae (UID5124)	134	1173	336	99	0.73	0	4608676	0	61	61	811520	811520	75552	75552	1901717	1901717	56	3.2	89.3	11	4294	5	1164	4	0	0	0
USHLN186_contigs	o__Actinomycetales (UID1593)	69	400	198	99.49	0.59	50	2936929	0	25	25	730100	730100	117477	117477	878778	878778	69.6	6.14	92.77	11	2729	1	397	2	0	0	0
USHLN188_contigs	g__Bacillus (UID865)	36	1200	269	99.81	1.36	20	4182381	0	47	47	1090313	1090313	88986	88986	1653928	1653928	43.6	4.53	88.79	11	4189	1	1189	10	0	0	0
USHLN190_contigs	g__Bacillus (UID865)	36	1200	269	99.81	1.36	20	4180961	0	41	41	1070717	1070717	101974	101974	1090313	1090313	43.6	5.91	88.79	11	4184	1	1189	10	0	0	0
USHLN191_contigs	f__Enterobacteriaceae (UID5121)	138	1162	336	98.17	0.92	0	4267642	0	70	70	527512	527512	60966	60966	802723	802723	56.6	2.34	89.21	11	3931	13	1141	8	0	0	0
USHLN192_contigs	g__Bacillus (UID902)	44	1171	324	99.07	0.05	0	5239530	0	56	56	618267	618267	93563	93563	1575136	1575136	35.1	5.01	84.49	11	5274	4	1166	1	0	0	0
USHLN193_contigs	g__Bacillus (UID901)	46	1082	303	99.26	0.17	0	5777700	0	133	133	508995	508995	43441	43441	1057645	1057645	34.9	4.04	84.09	11	5763	4	1077	1	0	0	0
USHLN194_contigs	f__Bacillaceae (UID829)	128	559	183	92.78	1.47	0	5911944	0	120	120	713699	713699	49266	49266	1088220	1088220	37.4	3.93	83.82	11	5984	17	535	7	0	0	0
USHLN195_contigs	g__Bacillus (UID902)	44	1171	324	99.07	0.05	0	5238253	0	51	51	618267	618267	102710	102710	2381181	2381181	35.1	5.1	84.49	11	5269	4	1166	1	0	0	0
USHLN196_contigs	f__Paenibacillaceae (UID973)	32	468	170	99.85	0.74	0	7390701	0	141	141	487351	487351	52416	52416	773217	773217	45.6	3.14	85.27	11	6848	1	465	2	0	0	0
USHLN197_contigs	g__Bacillus (UID864)	93	711	241	99.59	0	0	3714628	0	27	27	936865	936865	137578	137578	969869	969869	41.2	3.43	88.53	11	3777	1	710	0	0	0	0
USHLN198_contigs	f__Enterobacteriaceae (UID5054)	223	874	303	100	0.08	0	4741463	0	67	67	426638	426638	70768	70768	1321322	1321322	53.5	1.53	86.43	11	4404	0	873	1	0	0	0
USHLN199_contigs	f__Enterobacteriaceae (UID5054)	223	876	305	99.98	0.16	0	4923327	0	59	59	623820	623820	83446	83446	697604	697604	57.6	2.04	87.87	11	4534	1	874	1	0	0	0
USHLN200_contigs	f__Enterobacteriaceae (UID5054)	223	876	305	99.98	0.16	0	4925604	0	72	72	642559	642559	68411	68411	697596	697596	57.6	1.68	87.83	11	4534	1	874	1	0	0	0
USHLN205_contigs	c__Bacilli (UID285)	586	325	181	99.45	1.1	0	2806583	0	50	50	437000	437000	56131	56131	728057	728057	33.1	7.1	83.55	11	2645	1	322	2	0	0	0
USHLN208_contigs	o__Actinomycetales (UID1572)	580	288	173	100	1.83	20	4645125	0	70	70	270304	270304	66358	66358	415982	415982	74.1	4.14	90.91	11	4038	0	285	2	1	0	0
USHLN210_contigs	o__Actinomycetales (UID1530)	622	257	152	98.68	0	0	2986052	0	59	59	217351	217351	50611	50611	390332	390332	68.7	4.45	88.49	11	2755	2	255	0	0	0	0
USHLN211_contigs	g__Bacillus (UID864)	93	711	241	99.59	0	0	3757000	0	46	46	335611	335611	81673	81673	871229	871229	41	3.64	87.73	11	3836	1	710	0	0	0	0
USHLN213_contigs	o__Actinomycetales (UID1593)	69	400	198	98.99	0.76	0	3971861	0	44	44	266130	266130	90269	90269	542298	542298	71.4	3.14	91.07	11	3806	2	395	3	0	0	0
USHLN215_contigs	o__Actinomycetales (UID1530)	622	257	151	99.34	0	0	3935833	0	71	71	275426	275426	55434	55434	552597	552597	72.7	4.83	88.94	11	3633	1	256	0	0	0	0
USHLN217_contigs	o__Actinomycetales (UID1530)	622	257	152	99.34	0	0	2880105	0	41	41	329263	329263	70246	70246	525606	525606	68.8	5.26	88.35	11	2624	1	256	0	0	0	0
USHLN218_contigs	f__Micrococcaceae (UID1623)	39	457	218	99.31	2.79	0	4658041	0	50	50	535460	535460	93160	93160	809580	809580	68	3.69	89.69	11	4247	2	449	5	0	1	0
USHLN220_contigs	o__Actinomycetales (UID1530)	622	257	152	98.68	0	0	2887794	0	37	37	371620	371620	78048	78048	778452	778452	68.8	5.09	88.43	11	2619	2	255	0	0	0	0
USHLN226_contigs	g__Staphylococcus (UID294)	60	773	178	99.67	0.09	0	2536184	0	109	109	118026	118026	23267	23267	293571	293571	32	5.41	83.19	11	2402	2	770	1	0	0	0
USHLN227_contigs	o__Flavobacteriales (UID2815)	123	324	204	100	0.49	0	4411847	0	125	125	128748	128748	35294	35294	223958	223958	35.9	2.1	87.12	11	4067	0	322	2	0	0	0
USHLN228_contigs	o__Actinomycetales (UID1530)	622	257	152	98.68	0	0	2846916	0	31	31	384214	384214	91836	91836	722724	722724	68.8	3.8	88.69	11	2562	2	255	0	0	0	0
USHLN229_contigs	f__Micrococcaceae (UID1623)	39	457	218	98.7	0.46	0	2415502	0	94	94	142593	142593	25696	25696	471271	471271	73.2	6.02	90.53	11	2228	6	449	2	0	0	0
USHLN230_contigs	f__Micrococcaceae (UID1623)	39	457	218	98.5	0.69	0	2405900	0	53	53	230963	230963	45394	45394	549077	549077	73.2	7.02	90.5	11	2196	8	447	2	0	0	0
USHLN232_contigs	f__Micrococcaceae (UID1623)	39	457	218	98.86	0.23	0	2493650	0	105	105	140150	140150	23749	23749	364697	364697	73	5.91	90.43	11	2298	6	450	1	0	0	0
USHLN234_contigs	f__Micrococcaceae (UID1623)	39	457	218	99.08	0	0	3937683	0	42	42	326561	326561	93754	93754	734429	734429	69.3	2.42	89.34	11	3610	3	454	0	0	0	0
USHLN248_contigs	c__Bacilli (UID259)	750	275	151	98.01	1.43	0	3693406	0	254	254	69238	69238	14540	14540	212181	212181	41	3.21	83.71	11	3686	3	268	4	0	0	0
USHLN256_contigs	f__Enterobacteriaceae (UID5054)	223	876	305	100	0.19	0	5280296	0	83	83	461188	461188	63618	63618	1096745	1096745	54.5	2.46	88.33	11	4802	0	874	2	0	0	0
USHLN259_contigs	o__Flavobacteriales (UID2815)	123	324	204	100	0.25	0	5423796	0	69	69	357602	357602	78605	78605	689825	689825	35.7	2.69	88.16	11	4902	0	323	1	0	0	0
USHLN260_contigs	f__Enterobacteriaceae (UID5054)	223	876	305	100	0.31	0	4894525	0	74	74	462867	462867	66142	66142	739213	739213	56.8	5.04	87.69	11	4446	0	873	3	0	0	0
USHLN261_contigs	g__Pseudomonas (UID4526)	38	1397	371	99.61	4.4	8.89	5899374	0	680	680	69265	69265	8675	8675	161024	161024	62.2	3.04	87.34	11	5563	5	1351	39	2	0	0
USHLN262_contigs	f__Enterobacteriaceae (UID5124)	134	1173	336	99.97	0.51	0	4926299	0	109	109	180400	180400	45195	45195	720267	720267	54.8	3.99	88.89	11	4675	1	1167	5	0	0	0
USHLN263_contigs	c__Gammaproteobacteria (UID4442)	899	312	185	100	1.08	0	4811257	0	335	335	81210	81210	14361	14361	301090	301090	40.6	4.23	85.29	11	4648	0	310	2	0	0	0
USHLN265_contigs	f__Xanthomonadaceae (UID4214)	55	659	290	100	0.12	0	4572641	0	43	43	286562	286562	106340	106340	1083467	1083467	66.3	4.35	89.18	11	4077	0	657	2	0	0	0
USHLN266_contigs	c__Gammaproteobacteria (UID4442)	899	312	185	100	1.08	0	4776715	0	384	384	77871	77871	12439	12439	292350	292350	40.6	4.66	85.32	11	4628	0	310	2	0	0	0
USHLN267_contigs	o__Flavobacteriales (UID2815)	123	324	204	100	0.25	0	5423884	0	69	69	430828	430828	78607	78607	911163	911163	35.7	2.88	88.15	11	4899	0	323	1	0	0	0
USHLN268_contigs	o__Rhizobiales (UID3447)	356	414	248	100	0.48	0	4138449	0	15	15	688669	688669	275896	275896	1009062	1009062	64.8	3.16	91.46	11	3856	0	411	3	0	0	0
USHLN270_contigs	f__Enterobacteriaceae (UID5124)	134	1173	336	99.87	0.45	0	4909214	0	119	119	208918	208918	41253	41253	851713	851713	55	3.59	89.03	11	4638	2	1166	5	0	0	0
USHLN271_contigs	f__Enterobacteriaceae (UID5124)	134	1173	336	99.97	0.51	0	4927194	0	119	119	180400	180400	41404	41404	720148	720148	54.8	4.02	88.88	11	4679	1	1167	5	0	0	0
USHLN272_contigs	o__Actinomycetales (UID1593)	69	400	198	99.49	0	0	3390369	0	11	11	2768685	2768685	308215	308215	2768685	2768685	69.3	5.76	92.49	11	3237	1	399	0	0	0	0
USHLN273_contigs	c__Bacilli (UID259)	750	275	151	99.34	0.22	0	2987427	0	38	38	657455	657455	78616	78616	1029302	1029302	36.4	5.39	87.84	11	2970	1	273	1	0	0	0
USHLN278_contigs	o__Rhizobiales (UID3447)	356	414	248	100	0.48	0	4170548	0	13	13	721474	721474	320811	320811	1859954	1859954	64.7	3.3	91.36	11	3887	0	411	3	0	0	0
USHLN279_contigs	f__Enterobacteriaceae (UID5054)	223	874	303	100	0.3	0	5133915	0	124	124	250875	250875	41402	41402	623187	623187	53.5	3.49	86.15	11	4754	0	871	3	0	0	0
USHLN280_contigs	f__Enterobacteriaceae (UID5054)	223	874	303	100	0.3	0	5133552	0	128	128	280176	280176	40105	40105	575953	575953	53.5	3.41	86.16	11	4762	0	871	3	0	0	0
USHLN281_contigs	f__Enterobacteriaceae (UID5054)	223	876	305	100	0.2	0	4837878	0	49	49	486171	486171	98732	98732	845036	845036	56.7	4.3	87.72	11	4445	0	874	2	0	0	0
USHLN288_contigs	f__Enterobacteriaceae (UID5124)	134	1173	336	99.6	1.98	14.29	5329551	0	150	150	260854	260854	35530	35530	825133	825133	55.2	5.56	87.77	11	5091	2	1159	11	1	0	0
USHLN290_contigs	f__Enterobacteriaceae (UID5124)	134	1173	336	99.6	1.98	14.29	5328549	0	150	150	267742	267742	35523	35523	825159	825159	55.2	5.09	87.75	11	5082	2	1159	11	1	0	0
USHLN291_contigs	f__Enterobacteriaceae (UID5124)	134	1173	336	99.87	0.58	0	4958565	0	132	132	185857	185857	37564	37564	1373571	1373571	55	3.81	88.95	11	4688	2	1164	7	0	0	0
USHLN292_contigs	f__Enterobacteriaceae (UID5124)	134	1173	336	99.6	1.99	13.33	5414894	0	145	145	306622	306622	37344	37344	904056	904056	55.2	5.43	87.78	11	5185	2	1158	12	1	0	0
USHLN293_contigs	c__Bacilli (UID259)	750	273	152	99.34	0	0	3221837	0	87	87	732254	732254	37032	37032	1135355	1135355	47.1	2.78	89.86	11	3345	1	272	0	0	0	0
USHLN294_contigs	g__Pseudomonas (UID4526)	38	1397	371	99.61	4.19	0	5844094	0	306	306	92204	92204	19098	19098	450090	450090	62.2	3.27	87.92	11	5476	5	1355	35	2	0	0
USHLN295_contigs	f__Enterobacteriaceae (UID5124)	134	1173	336	99.6	0.79	22.22	5080756	0	144	144	211287	211287	35283	35283	628885	628885	55.5	4.46	87.99	11	4802	2	1162	9	0	0	0
USHLN296_contigs	f__Enterobacteriaceae (UID5124)	134	1173	336	99.87	0.45	0	4909623	0	112	112	208918	208918	43835	43835	1014850	1014850	55	3.55	89.06	11	4637	2	1166	5	0	0	0
USHLN298_contigs	f__Enterobacteriaceae (UID5054)	223	874	303	100	0.41	0	4776404	0	46	46	575499	575499	103834	103834	971467	971467	56	1.33	86.62	11	4304	0	872	1	1	0	0
USHLN32_contigs	f__Enterobacteriaceae (UID5054)	223	876	305	99.84	0.2	0	5262404	0	64	64	514905	514905	82225	82225	1783739	1783739	54.9	1.31	88.6	11	4785	1	873	2	0	0	0
USHLN33_contigs	f__Enterobacteriaceae (UID5054)	223	876	305	100	0.26	0	4908228	0	104	104	272732	272732	47194	47194	1090051	1090051	56.7	4.42	87.63	11	4562	0	873	3	0	0	0
USHLN34_contigs	f__Enterobacteriaceae (UID5054)	223	874	303	100	0.14	0	4916087	0	59	59	403386	403386	83323	83323	2074412	2074412	53.4	1.45	86.38	11	4582	0	872	2	0	0	0
USHLN35_contigs	f__Enterobacteriaceae (UID5054)	223	874	303	100	0.08	0	4929009	0	85	85	327678	327678	57988	57988	1097897	1097897	53.7	3.77	86.39	11	4583	0	873	1	0	0	0
USMM045_contigs	g__Pseudomonas (UID4550)	78	1044	368	99.8	1.18	0	6338975	0	157	157	220636	220636	40375	40375	641265	641265	59.8	3.53	88.8	11	5795	2	1035	7	0	0	0
USMM046_contigs	g__Pseudomonas (UID4550)	78	1044	368	99.8	1.18	0	6341088	0	165	165	184184	184184	38430	38430	640946	640946	59.8	3.4	88.78	11	5792	2	1035	7	0	0	0
USMM047_contigs	g__Pseudomonas (UID4550)	78	1044	368	99.8	1.18	0	6339327	0	158	158	220597	220597	40122	40122	640946	640946	59.8	3.48	88.81	11	5796	2	1035	7	0	0	0
USMM048_contigs	g__Pseudomonas (UID4550)	78	1044	368	99.8	1.18	0	6340958	0	160	160	210564	210564	39630	39630	640946	640946	59.8	3.61	88.79	11	5791	2	1035	7	0	0	0
USMM049_contigs	k__Bacteria (UID2565)	2921	152	93	100	0	0	3895373	0	40	40	226638	226638	97384	97384	476807	476807	36.4	2.26	88.42	11	3545	0	152	0	0	0	0
USMM050_contigs	k__Bacteria (UID2565)	2921	152	93	100	0	0	3895604	0	43	43	222758	222758	90595	90595	362431	362431	36.4	2.95	88.42	11	3544	0	152	0	0	0	0
USMM051_contigs	f__Enterobacteriaceae (UID5124)	134	1173	336	99.97	0.43	0	4863384	0	104	104	352277	352277	46763	46763	493397	493397	55.8	4.12	89.18	11	4549	1	1169	3	0	0	0
USMM053_contigs	f__Enterobacteriaceae (UID5124)	134	1173	336	99.97	0.43	0	4862828	0	96	96	352277	352277	50654	50654	494238	494238	55.8	4.11	89.19	11	4545	1	1169	3	0	0	0
USMM054_contigs	f__Enterobacteriaceae (UID5124)	134	1173	336	99.97	0.43	0	4862725	0	100	100	352277	352277	48627	48627	494238	494238	55.8	4.2	89.17	11	4545	1	1169	3	0	0	0
USMM055_contigs	f__Enterobacteriaceae (UID5124)	134	1173	336	99.97	0.43	0	4862746	0	95	95	364070	364070	51186	51186	494238	494238	55.8	4.24	89.16	11	4541	1	1169	3	0	0	0
USMM056_contigs	k__Bacteria (UID2565)	2921	152	93	100	0	0	3894672	0	40	40	218774	218774	97366	97366	362431	362431	36.4	2.17	88.42	11	3541	0	152	0	0	0	0
USMM057_contigs	k__Bacteria (UID2565)	2921	152	93	100	0	0	3894756	0	38	38	222758	222758	102493	102493	362431	362431	36.4	2.25	88.42	11	3540	0	152	0	0	0	0
USMM058_contigs	f__Enterobacteriaceae (UID5124)	134	1173	336	99.97	0.43	0	4862905	0	100	100	352277	352277	48629	48629	494238	494238	55.8	4.1	89.15	11	4543	1	1169	3	0	0	0
USMM059_contigs	f__Enterobacteriaceae (UID5124)	134	1173	336	99.97	0.43	0	4863149	0	98	98	364070	364070	49623	49623	494238	494238	55.8	4.09	89.16	11	4545	1	1169	3	0	0	0
USMM061_contigs	f__Enterobacteriaceae (UID5124)	134	1173	336	99.97	0.43	0	4862057	0	94	94	352278	352278	51724	51724	494238	494238	55.8	4.04	89.16	11	4541	1	1169	3	0	0	0
USMM062_contigs	f__Enterobacteriaceae (UID5124)	134	1173	336	99.97	0.43	0	4862792	0	100	100	352278	352278	48627	48627	493397	493397	55.8	4.01	89.18	11	4548	1	1169	3	0	0	0
USMM063_contigs	f__Enterobacteriaceae (UID5124)	134	1173	336	99.97	0.43	0	4862359	0	96	96	352278	352278	50649	50649	494238	494238	55.8	4.12	89.19	11	4546	1	1169	3	0	0	0
USMM064_contigs	f__Enterobacteriaceae (UID5124)	134	1173	336	99.97	0.43	0	4861945	0	94	94	352278	352278	51722	51722	494238	494238	55.8	4.2	89.16	11	4540	1	1169	3	0	0	0
USMM066_contigs	f__Moraxellaceae (UID4680)	86	686	363	99.69	0.33	0	3339279	0	42	42	369353	369353	79506	79506	614865	614865	43	3.36	88.74	11	3087	2	682	2	0	0	0
USMM068_contigs	f__Moraxellaceae (UID4680)	86	686	363	99.69	0.33	0	3339792	0	45	45	369353	369353	74217	74217	614865	614865	43	3.37	88.74	11	3088	2	682	2	0	0	0
USMM072_contigs	f__Enterobacteriaceae (UID5124)	134	1173	336	99.97	0.43	0	4864342	0	115	115	318261	318261	42298	42298	493397	493397	55.8	4.53	89.16	11	4552	1	1169	3	0	0	0
USMM074_contigs	g__Bacillus (UID901)	46	1082	303	99.01	0.5	0	5874048	0	127	127	269186	269186	46252	46252	1049521	1049521	35.2	3.92	84.93	11	6103	3	1077	2	0	0	0
USMM075_contigs	g__Bacillus (UID901)	46	1082	303	99.01	0.56	33.33	5876333	0	147	147	269186	269186	39975	39975	773880	773880	35.2	3.85	84.93	11	6118	3	1076	3	0	0	0
USMM078_contigs	f__Enterobacteriaceae (UID5054)	223	876	305	100	0.66	0	5645242	0	145	145	211689	211689	38932	38932	957108	957108	53.6	2.45	87.77	11	5291	0	871	5	0	0	0
USMM079_contigs	f__Enterobacteriaceae (UID5054)	223	876	305	100	0.66	0	5644432	0	138	138	210972	210972	40901	40901	957108	957108	53.6	2.45	87.79	11	5291	0	871	5	0	0	0
USMM080_contigs	f__Enterobacteriaceae (UID5054)	223	875	305	100	0.08	0	4566460	0	48	48	567296	567296	95134	95134	1968458	1968458	56.9	1.68	87.31	11	4185	0	874	1	0	0	0
USMM081_contigs	f__Enterobacteriaceae (UID5054)	223	875	305	100	0.08	0	4407586	0	37	37	567296	567296	119123	119123	1968458	1968458	57	1.57	87.5	11	4051	0	874	1	0	0	0
USMM082_contigs	o__Bacillales (UID828)	139	508	174	99.43	0.35	0	5306061	0	118	118	375064	375064	44966	44966	1132682	1132682	37.9	4.53	83.34	11	5481	1	505	1	1	0	0
USMM083_contigs	o__Bacillales (UID828)	139	508	174	99.43	0.35	0	5304903	0	109	109	788516	788516	48668	48668	1132682	1132682	37.9	4.59	83.35	11	5481	1	505	1	1	0	0
USMM084_contigs	f__Enterobacteriaceae (UID5066)	55	546	224	99.8	0.45	0	5183938	0	72	72	485555	485555	71999	71999	976936	976936	59.9	3.12	87.73	11	4796	7	538	1	0	0	0
USMM085_contigs	f__Enterobacteriaceae (UID5066)	55	546	224	99.8	0.45	0	5183936	0	74	74	485555	485555	70053	70053	978356	978356	59.9	3.29	87.74	11	4800	7	538	1	0	0	0
USMM086_contigs	g__Bacillus (UID901)	46	1082	303	99.21	0.22	0	5807185	0	165	165	267355	267355	35195	35195	597467	597467	34.9	4.05	83.37	11	5875	4	1076	2	0	0	0
USMM087_contigs	g__Bacillus (UID901)	46	1082	303	99.21	0.22	0	5808627	0	177	177	244815	244815	32817	32817	433338	433338	34.9	3.88	83.37	11	5889	4	1076	2	0	0	0
USMM088_contigs	g__Bacillus (UID901)	46	1082	303	99.34	0.95	8.33	6625669	0	151	151	349600	349600	43878	43878	967892	967892	34.8	3.98	83.41	11	6870	2	1068	12	0	0	0
USMM091_contigs	g__Bacillus (UID901)	46	1082	303	99.34	0.38	0	5722774	0	140	140	380056	380056	40876	40876	692537	692537	35	4.04	82.42	11	5763	2	1075	5	0	0	0
USMM093_contigs	g__Bacillus (UID901)	46	1082	303	99.34	0.38	0	5765440	0	155	155	434940	434940	37196	37196	706818	706818	35	4.09	82.43	11	5830	2	1075	5	0	0	0
USMM094_contigs	k__Bacteria (UID2565)	2921	152	93	100	2.15	0	4170254	0	41	41	471495	471495	101713	101713	763660	763660	35.3	3.7	89.33	11	3883	0	149	3	0	0	0
USMM095_contigs	k__Bacteria (UID2565)	2921	152	93	100	2.15	0	4170772	0	43	43	471495	471495	96994	96994	763711	763711	35.3	3.79	89.34	11	3887	0	149	3	0	0	0
USMM096_contigs	k__Bacteria (UID2565)	2921	152	93	100	2.15	0	4170870	0	44	44	427630	427630	94792	94792	645362	645362	35.3	3.54	89.33	11	3889	0	149	3	0	0	0
USMM097_contigs	k__Bacteria (UID2565)	2921	152	93	100	2.15	0	4170455	0	41	41	471495	471495	101718	101718	763711	763711	35.3	3.69	89.33	11	3885	0	149	3	0	0	0
USMM099_contigs	f__Paenibacillaceae (UID973)	32	468	170	99.85	0.02	0	7146083	0	151	151	1063137	1063137	47325	47325	2018189	2018189	46.6	2.81	86.14	11	6565	1	466	1	0	0	0
USMM101_contigs	f__Enterobacteriaceae (UID5054)	223	875	305	100	0.08	0	4769626	0	52	52	582192	582192	91723	91723	1574629	1574629	56.6	3.69	86.71	11	4420	0	874	1	0	0	0
USMM102_contigs	c__Alphaproteobacteria (UID3422)	26	529	308	100	0.49	0	3282457	0	32	32	614085	614085	102576	102576	713110	713110	67.5	4.8	90.96	11	3171	0	527	2	0	0	0
USMM103_contigs	c__Alphaproteobacteria (UID3422)	26	529	308	100	0.49	0	3282053	0	33	33	383233	383233	99456	99456	1348893	1348893	67.5	4.81	90.97	11	3170	0	527	2	0	0	0
USMM104_contigs	c__Alphaproteobacteria (UID3422)	26	529	308	100	0.49	0	3281406	0	29	29	604980	604980	113151	113151	1348697	1348697	67.5	4.97	91.01	11	3171	0	527	2	0	0	0
USMM105_contigs	c__Alphaproteobacteria (UID3422)	26	529	308	100	0.49	0	3281938	0	33	33	383230	383230	99452	99452	1305537	1305537	67.5	4.65	90.99	11	3171	0	527	2	0	0	0
USMM106_contigs	f__Enterobacteriaceae (UID5054)	223	876	305	96.44	0	0	3880161	0	135	135	441542	441542	28741	28741	697509	697509	48.3	4.87	87.27	11	3644	21	855	0	0	0	0
USMM107_contigs	f__Enterobacteriaceae (UID5054)	223	876	305	96.44	0	0	3871214	0	142	142	441343	441343	27262	27262	617726	617726	48.3	4.53	87.24	11	3626	21	855	0	0	0	0
USMM108_contigs	f__Paenibacillaceae (UID973)	32	468	170	99.85	0.02	0	7220706	0	142	142	828770	828770	50850	50850	2018189	2018189	46.6	3.06	86.06	11	6643	1	466	1	0	0	0
USMM111_contigs	c__Alphaproteobacteria (UID3422)	26	529	308	99.68	0.32	0	3172193	0	16	16	613407	613407	198262	198262	1142652	1142652	66.4	5.93	90.63	11	3063	1	527	1	0	0	0
USMM114_contigs	g__Staphylococcus (UID298)	56	805	176	99.38	0.85	0	2208788	0	99	99	119288	119288	22310	22310	346043	346043	31.3	5.45	86.4	11	2184	5	797	3	0	0	0
USMM116_contigs	g__Staphylococcus (UID298)	56	805	176	99.38	0.85	0	2207603	0	90	90	119288	119288	24528	24528	346043	346043	31.4	5.52	86.42	11	2177	5	797	3	0	0	0
USMM117_contigs	f__Bacillaceae (UID829)	128	561	183	99.45	1.26	0	4994367	0	73	73	250266	250266	68415	68415	544729	544729	45.7	2.95	84.97	11	5010	1	556	4	0	0	0
USMM118_contigs	f__Bacillaceae (UID829)	128	561	183	99.45	1.26	0	4995527	0	85	85	249956	249956	58770	58770	757559	757559	45.7	2.82	84.94	11	5006	1	556	4	0	0	0
USMM125_contigs	o__Lactobacillales (UID544)	293	475	267	99.63	0.07	0	2756798	0	31	31	391196	391196	88928	88928	1107556	1107556	37.5	5.58	88.51	11	2575	1	473	1	0	0	0
USMM128_contigs	f__Enterobacteriaceae (UID5054)	223	876	305	99.99	0.31	0	4893963	0	73	73	480192	480192	67040	67040	901389	901389	56.8	5.23	87.7	11	4448	1	872	3	0	0	0
USMM130_contigs	f__Enterobacteriaceae (UID5054)	223	876	305	100	0.2	0	4838753	0	61	61	575153	575153	79323	79323	845323	845323	56.7	4.26	87.72	11	4453	0	874	2	0	0	0
USMM131_contigs	f__Xanthomonadaceae (UID4214)	55	659	290	100	0.12	0	4573397	0	49	49	307675	307675	93334	93334	485516	485516	66.3	4.02	89.16	11	4077	0	657	2	0	0	0
USMM133_contigs	g__Pseudomonas (UID4526)	38	1397	371	99.61	4.19	0	5846388	0	334	334	84689	84689	17504	17504	286727	286727	62.2	3.27	87.89	11	5481	5	1355	35	2	0	0
USMM134_contigs	g__Pseudomonas (UID4526)	38	1397	371	99.61	4.19	0	5843601	0	311	311	92788	92788	18789	18789	304347	304347	62.2	3.26	87.94	11	5482	5	1355	35	2	0	0
USMM135_contigs	c__Bacilli (UID259)	750	273	152	99.34	0	0	3220347	0	82	82	731011	731011	39272	39272	992712	992712	47.1	3.5	89.85	11	3340	1	272	0	0	0	0
USMM136_contigs	c__Bacilli (UID259)	750	273	152	99.34	0	0	3221787	0	92	92	731012	731012	35019	35019	992255	992255	47.1	2.95	89.84	11	3345	1	272	0	0	0	0
USMM236_contigs	o__Actinomycetales (UID1814)	148	572	276	99.46	0.52	0	4981933	0	34	34	612942	612942	146527	146527	1153815	1153815	71.2	7.2	92.41	11	4873	2	566	4	0	0	0
USMM241_contigs	o__Actinomycetales (UID1815)	120	572	265	99.94	1.23	71.43	7165772	0	115	115	294101	294101	62311	62311	1073602	1073602	62.4	2.6	90.53	11	7021	1	564	7	0	0	0
VD11_contigs	f__Enterobacteriaceae (UID5121)	138	1162	336	98.4	2.4	14.81	4582444	0	275	275	32766	32766	16663	16663	143686	143686	54	3.42	88.54	11	4443	13	1124	24	1	0	0
VD12_contigs	f__Enterobacteriaceae (UID5124)	134	1173	336	100	0.97	44.44	5110631	0	217	217	60067	60067	23551	23551	257770	257770	54.7	3.16	89.39	11	4878	0	1164	9	0	0	0
VD14_contigs	f__Moraxellaceae (UID4680)	86	689	365	99.73	0	0	3882383	0	110	110	216309	216309	35294	35294	536355	536355	38.7	2.88	88	11	3661	1	688	0	0	0	0
VD15_contigs	g__Pseudomonas (UID4526)	38	1397	371	99.13	2	3.45	5559710	0	232	232	50469	50469	23964	23964	202263	202263	62.3	2.97	88.23	11	5256	10	1362	23	2	0	0
VD17_contigs	k__Bacteria (UID203)	5449	104	58	23.31	1.8	0	2423652	0	1038	1038	2907	2907	2334	2334	31196	31196	43.3	2.37	83.76	11	2436	71	27	5	1	0	0
VD18_contigs	g__Pseudomonas (UID4526)	38	1397	371	98.87	2.73	13.51	5535852	0	354	354	28771	28771	15638	15638	99818	99818	62.3	3.21	88.22	11	5301	14	1348	34	1	0	0
VD19_contigs	f__Enterobacteriaceae (UID5054)	223	875	304	99.99	0.39	0	4887268	0	152	152	166958	166958	32153	32153	408570	408570	54.8	3.24	88.49	11	4634	1	868	6	0	0	0
VD20_contigs	f__Enterobacteriaceae (UID5054)	223	875	304	99.66	0.5	0	4893156	0	232	232	73946	73946	21091	21091	186255	186255	54.8	3.46	88.52	11	4700	2	866	7	0	0	0
VD21_contigs	f__Enterobacteriaceae (UID5054)	223	875	304	99.92	0.78	20	4833701	0	200	200	65107	65107	24168	24168	299277	299277	54.8	3.69	88.63	11	4647	2	863	10	0	0	0
VD22_contigs	f__Enterobacteriaceae (UID5054)	223	875	304	99.99	0.39	0	4888493	0	98	98	291082	291082	49882	49882	1256454	1256454	54.8	3.32	88.54	11	4612	1	868	6	0	0	0
VD23_contigs	f__Enterobacteriaceae (UID5054)	223	875	304	99.99	0.39	0	4886923	0	97	97	258090	258090	50380	50380	519473	519473	54.8	3.36	88.55	11	4606	1	868	6	0	0	0
VD24_contigs	f__Enterobacteriaceae (UID5054)	223	876	305	99.98	0.77	40	4863477	0	137	137	108579	108579	35499	35499	287508	287508	57.6	2.37	87.68	11	4539	1	870	5	0	0	0
VD25_contigs	f__Enterobacteriaceae (UID5054)	223	875	304	99.99	0.39	0	4888343	0	99	99	258090	258090	49377	49377	570802	570802	54.8	3.28	88.54	11	4609	1	868	6	0	0	0
VD26_contigs	f__Enterobacteriaceae (UID5054)	223	875	304	99.99	0.39	0	4891047	0	114	114	283308	283308	42903	42903	522494	522494	54.8	3.33	88.53	11	4621	1	868	6	0	0	0
VD27_contigs	f__Enterobacteriaceae (UID5054)	223	875	304	99.99	0.39	0	4886059	0	134	134	220110	220110	36463	36463	399302	399302	54.8	3.22	88.56	11	4626	1	868	6	0	0	0
VD28_contigs	f__Enterobacteriaceae (UID5054)	223	875	304	99.99	0.39	0	4889988	0	110	110	310992	310992	44454	44454	955391	955391	54.8	3.37	88.51	11	4616	1	868	6	0	0	0
VD29_contigs	f__Enterobacteriaceae (UID5054)	223	875	304	77.08	2.93	18.52	3493105	0	1382	1382	3366	3366	2527	2527	15138	15138	54.6	4.15	88.12	11	4348	181	667	27	0	0	0
VD30_contigs	f__Enterobacteriaceae (UID5054)	223	876	305	99.98	0.44	33.33	4925377	0	131	131	208647	208647	37598	37598	386674	386674	57.5	4.36	87.56	11	4575	1	872	3	0	0	0
VD31_contigs	f__Enterobacteriaceae (UID5054)	223	875	304	99.99	0.39	0	4888779	0	105	105	220170	220170	46559	46559	522448	522448	54.8	3.09	88.56	11	4621	1	868	6	0	0	0
VD32_contigs	f__Enterobacteriaceae (UID5054)	223	875	304	99.99	0.39	0	4889508	0	239	239	79313	79313	20458	20458	204925	204925	54.8	4.09	88.55	11	4698	1	868	6	0	0	0
VD33_contigs	f__Enterobacteriaceae (UID5054)	223	876	305	99.98	0.41	0	5015363	0	175	175	112433	112433	28659	28659	244905	244905	57.5	3.88	87.4	11	4701	1	872	3	0	0	0
VD34_contigs	o__Burkholderiales (UID4002)	107	572	249	100	2.06	0	8375680	0	230	230	289446	289446	36416	36416	640260	640260	68.2	4.16	87.17	11	7339	0	567	4	1	0	0
VD5_contigs	f__Enterobacteriaceae (UID5124)	134	1173	336	100	0.06	0	5113152	0	165	165	252801	252801	30988	30988	568828	568828	54.7	4.07	89.51	11	4828	0	1171	2	0	0	0
VD7_contigs	o__Sphingomonadales (UID3310)	26	569	293	99.59	0.48	0	4122842	0	28	28	678718	678718	147244	147244	1490079	1490079	66	3.62	90.5	11	3865	2	564	3	0	0	0
VD8_contigs	o__Flavobacteriales (UID2815)	123	324	204	98.77	0.81	80	4765640	0	528	528	16513	16513	9025	9025	68674	68674	35.7	2.58	87.39	11	4690	3	316	5	0	0	0
VD9_contigs	o__Rhodospirillales (UID3754)	63	336	201	99.5	0	0	3671586	0	53	53	287655	287655	69275	69275	553238	553238	60.3	2.9	89.22	11	3346	2	334	0	0	0	0
VD1_contigs	o__Actinomycetales (UID1572)	580	286	171	100	0	0	2727067	0	6	6	797071	797071	454511	454511	1166456	1166456	67	0.55	91.11	11	2439	0	286	0	0	0	0